{"cameraMode":{"drawMode":0,"name":"Shaded","section":"Shading Mode"},"sceneLighting":true,"audioPlay":false,"sceneViewState":{"m_AlwaysRefresh":false,"showFog":true,"showSkybox":true,"showFlares":true,"showImageEffects":true,"showParticleSystems":true,"showVisualEffectGraphs":true,"m_FxEnabled":true},"in2DMode":false,"pivot":{"x":14.048383712768555,"y":22.38636589050293,"z":-14.981284141540528},"rotation":{"x":0.26468074321746828,"y":0.5015333890914917,"z":-0.16531559824943543,"w":0.8069435358047485},"size":5.560486316680908,"orthographic":false}