{"cameraMode":{"drawMode":0,"name":"Shaded","section":"Shading Mode"},"sceneLighting":false,"audioPlay":false,"sceneViewState":{"m_AlwaysRefresh":false,"showFog":true,"showSkybox":false,"showFlares":true,"showImageEffects":true,"showParticleSystems":true,"showVisualEffectGraphs":true,"m_FxEnabled":true},"in2DMode":false,"pivot":{"x":-2.570119619369507,"y":15.62071704864502,"z":-32.42245864868164},"rotation":{"x":0.00014437103527598083,"y":0.9998314380645752,"z":-0.008394691161811352,"w":0.015057739801704884},"size":2.6548078060150148,"orthographic":false}